"ID","Description","GeneRatio","BgRatio","RichFactor","FoldEnrichment","zScore","pvalue","p.adjust","qvalue","geneID","Count"
"GO:0006909","phagocytosis","12/93","239/18986",0.0502092050209205,10.2502361992172,10.0967637810928,2.03495351795622e-09,4.57050560132968e-06,3.42729013550522e-06,"CLEC7A/SLC11A1/TLR2/MSR1/DOCK2/FCGR2A/MERTK/RAB31/LYN/DYSF/ELMO1/RAB20",12
"GO:0007264","small GTPase-mediated signal transduction","15/93","491/18986",0.0305498981670061,6.23677813547073,8.24848265828368,1.5358047444216e-08,1.72470872798546e-05,1.2933092584603e-05,"DOCK2/ARHGAP24/GNA13/ARHGAP18/DOCK4/ABR/APOE/ARHGAP6/RAPGEF1/PSD3/ELMO1/DENND3/ARHGAP26/GRB2/SIPA1L1",15
"GO:0050764","regulation of phagocytosis","8/93","102/18986",0.0784313725490196,16.0118068732869,10.6655282732104,3.67132913087152e-08,2.74860174264581e-05,2.06109705592787e-05,"CLEC7A/SLC11A1/TLR2/DOCK2/FCGR2A/MERTK/RAB31/DYSF",8
"GO:0051056","regulation of small GTPase mediated signal transduction","11/93","300/18986",0.0366666666666667,7.48551971326165,7.94407894918125,2.4647501205985e-07,0.000138395719271606,0.000103778952446253,"DOCK2/ARHGAP24/GNA13/ARHGAP18/ABR/APOE/ARHGAP6/PSD3/DENND3/ARHGAP26/SIPA1L1",11
"GO:0030100","regulation of endocytosis","11/93","307/18986",0.0358306188925081,7.31484011067914,7.82620191189078,3.10233900860753e-07,0.00013935706826665,0.000104499840289938,"CLEC7A/SLC11A1/TLR2/DOCK2/FCGR2A/MERTK/APOE/RAB31/DYSF/DAB2/BMP2K",11
"GO:0002468","dendritic cell antigen processing and presentation","4/93","16/18986",0.25,51.0376344086022,14.0481588150553,9.38548798621074e-07,0.000281979966290164,0.000211448631984001,"SLC11A1/HLA-DRA/HLA-DRB1/CD74",4
"GO:0003018","vascular process in circulatory system","10/93","276/18986",0.036231884057971,7.39675860994234,7.51058771198211,1.00109120614942e-06,0.000281979966290164,0.000211448631984001,"SLCO2B1/TBXAS1/SLC2A3/ZEB2/SLC8A1/DOCK4/APOE/SLC1A3/KCNMA1/TFRC",10
"GO:0043372","positive regulation of CD4-positive, alpha-beta T cell differentiation","5/93","38/18986",0.131578947368421,26.8619128466327,11.1961076835325,1.11748321823769e-06,0.000281979966290164,0.000211448631984001,"CD86/CD83/HLA-DRA/HLA-DRB1/IL18",5
"GO:0045807","positive regulation of endocytosis","8/93","159/18986",0.050314465408805,10.2717251639954,8.2369202889426,1.1299286271645e-06,0.000281979966290164,0.000211448631984001,"CLEC7A/SLC11A1/DOCK2/FCGR2A/MERTK/APOE/RAB31/DAB2",8
"GO:0050766","positive regulation of phagocytosis","6/93","73/18986",0.0821917808219178,16.779496243924,9.47699531378845,1.53391512261571e-06,0.000344517336539488,0.000258343599598435,"CLEC7A/SLC11A1/DOCK2/FCGR2A/MERTK/RAB31",6
"GO:0042060","wound healing","12/93","444/18986",0.027027027027027,5.51758209822726,6.75795916429235,1.73371228484056e-06,0.000353992526522901,0.00026544877088468,"CLEC7A/SLC11A1/F13A1/ARHGAP24/EMILIN2/GNA13/MERTK/APOE/PAPSS2/LYN/PLAUR/CD109",12
"GO:0002366","leukocyte activation involved in immune response","10/93","315/18986",0.0317460317460317,6.48096944871138,6.88216659762346,3.27902269467194e-06,0.000588411701257286,0.000441232939031569,"SLC11A1/CD86/DOCK2/HLA-DRA/LYN/DYSF/HLA-DRB1/CD74/TFRC/IL18",10
"GO:0002263","cell activation involved in immune response","10/93","319/18986",0.0313479623824451,6.39970337411939,6.8237686389489,3.66770554830539e-06,0.000588411701257286,0.000441232939031569,"SLC11A1/CD86/DOCK2/HLA-DRA/LYN/DYSF/HLA-DRB1/CD74/TFRC/IL18",10
"GO:2000516","positive regulation of CD4-positive, alpha-beta T cell activation","5/93","48/18986",0.104166666666667,21.2656810035842,9.86304643031026,3.66774880569992e-06,0.000588411701257286,0.000441232939031569,"CD86/CD83/HLA-DRA/HLA-DRB1/IL18",5
"GO:0045785","positive regulation of cell adhesion","12/93","499/18986",0.0240480961923848,4.90943176675933,6.20907638316105,5.74859641063355e-06,0.000814352367896825,0.000610659318852191,"CD86/EMILIN2/CD83/HLA-DRA/LYN/HLA-DRB1/DAB2/PLAUR/CD74/FMN1/TFRC/IL18",12
"GO:0022409","positive regulation of cell-cell adhesion","10/93","336/18986",0.0297619047619048,6.07590885816692,6.58628241117575,5.80126352909581e-06,0.000814352367896825,0.000610659318852191,"CD86/EMILIN2/CD83/HLA-DRA/LYN/HLA-DRB1/PLAUR/CD74/TFRC/IL18",10
"GO:0046638","positive regulation of alpha-beta T cell differentiation","5/93","56/18986",0.0892857142857143,18.2277265745008,9.0582226128306,7.93331441656417e-06,0.00102161602219536,0.000766080346586952,"CD86/CD83/HLA-DRA/HLA-DRB1/IL18",5
"GO:0006898","receptor-mediated endocytosis","9/93","275/18986",0.0327272727272727,6.68129032258065,6.65826602809257,8.18748370414804e-06,0.00102161602219536,0.000766080346586952,"MSR1/STAB1/APOE/RAB31/DAB2/BMP2K/GRB2/TFRC/CTSL",9
"GO:0043367","CD4-positive, alpha-beta T cell differentiation","6/93","102/18986",0.0588235294117647,12.0088551549652,7.82152720868644,1.08283760041987e-05,0.0012800280266016,0.000959856044693515,"CD86/CD83/HLA-DRA/HLA-DRB1/CTSL/IL18",6
"GO:0050866","negative regulation of cell activation","8/93","219/18986",0.0365296803652968,7.45755388618844,6.74355621309561,1.21098702912578e-05,0.00135993843370825,0.00101977855084276,"CD86/LAPTM5/SAMSN1/MERTK/APOE/LYN/HLA-DRB1/CD74",8
"GO:0043370","regulation of CD4-positive, alpha-beta T cell differentiation","5/93","62/18986",0.0806451612903226,16.463753035033,8.55658744314552,1.31320921738445e-05,0.00140450852487879,0.00105320037484467,"CD86/CD83/HLA-DRA/HLA-DRB1/IL18",5
"GO:0010720","positive regulation of cell development","11/93","460/18986",0.0239130434782609,4.88186068256195,5.91322417148631,1.52917757293534e-05,0.00149784708222443,0.00112319226299812,"CLEC7A/CD86/TLR2/CD83/PLXNC1/HLA-DRA/LYN/HLA-DRB1/CD74/QKI/IL18",11
"GO:0019886","antigen processing and presentation of exogenous peptide antigen via MHC class II","4/93","31/18986",0.129032258064516,26.3420048560527,9.90732101326926,1.53385943415681e-05,0.00149784708222443,0.00112319226299812,"HLA-DRA/HLA-DRB1/CD74/CTSL",4
"GO:0051250","negative regulation of lymphocyte activation","7/93","169/18986",0.0414201183431953,8.45593942864414,6.83072566791777,1.94727475412007e-05,0.00175580912134634,0.00131663054513481,"CD86/LAPTM5/SAMSN1/MERTK/LYN/HLA-DRB1/CD74",7
"GO:0007596","blood coagulation","8/93","234/18986",0.0341880341880342,6.97950556015072,6.45722200848224,1.95437346543448e-05,0.00175580912134634,0.00131663054513481,"F13A1/EMILIN2/GNA13/MERTK/APOE/PAPSS2/LYN/PLAUR",8
"GO:0007599","hemostasis","8/93","241/18986",0.033195020746888,6.77678133226253,6.33210401448225,2.4146411067514e-05,0.00200862367620876,0.00150620887750575,"F13A1/EMILIN2/GNA13/MERTK/APOE/PAPSS2/LYN/PLAUR",8
"GO:0050817","coagulation","8/93","241/18986",0.033195020746888,6.77678133226253,6.33210401448225,2.4146411067514e-05,0.00200862367620876,0.00150620887750575,"F13A1/EMILIN2/GNA13/MERTK/APOE/PAPSS2/LYN/PLAUR",8
"GO:0002495","antigen processing and presentation of peptide antigen via MHC class II","4/93","35/18986",0.114285714285714,23.331490015361,9.27752151985883,2.51449437380035e-05,0.00201698370126985,0.00151247781882728,"HLA-DRA/HLA-DRB1/CD74/CTSL",4
"GO:0048002","antigen processing and presentation of peptide antigen","5/93","72/18986",0.0694444444444444,14.1771206690562,7.85943617703025,2.73204603965631e-05,0.00202035182079016,0.00151500347437046,"SLC11A1/HLA-DRA/HLA-DRB1/CD74/CTSL",5
"GO:0034341","response to type II interferon","6/93","121/18986",0.0495867768595041,10.1231671554252,7.06327678786178,2.86880903081944e-05,0.00202035182079016,0.00151500347437046,"KYNU/SLC11A1/TLR2/CIITA/CD74/RAB20",6
"GO:0002274","myeloid leukocyte activation","8/93","247/18986",0.0323886639676113,6.61216316224805,6.2287639456753,2.87850660130387e-05,0.00202035182079016,0.00151500347437046,"SLC11A1/TLR2/DOCK2/LCP2/LYN/DYSF/CD74/IL18",8
"GO:0002573","myeloid leukocyte differentiation","8/93","247/18986",0.0323886639676113,6.61216316224805,6.2287639456753,2.87850660130387e-05,0.00202035182079016,0.00151500347437046,"TLR2/LYN/MITF/HLA-DRB1/CD74/CD109/QKI/TFRC",8
"GO:0045582","positive regulation of T cell differentiation","6/93","122/18986",0.0491803278688525,10.0401903754627,7.02808346460942,3.0053966351811e-05,0.00204549116442932,0.0015338547420382,"CD86/CD83/HLA-DRA/HLA-DRB1/CD74/IL18",6
"GO:0002504","antigen processing and presentation of peptide or polysaccharide antigen via MHC class II","4/93","37/18986",0.108108108108108,22.070328392909,9.0006802009146,3.14802905327924e-05,0.00207713442789793,0.00155758311132619,"HLA-DRA/HLA-DRB1/CD74/CTSL",4
"GO:0002697","regulation of immune effector process","10/93","410/18986",0.024390243902439,4.97928140571728,5.71500733906006,3.23685240322473e-05,0.00207713442789793,0.00155758311132619,"CLEC7A/CD86/LAPTM5/IRAK3/HLA-DRA/LYN/HLA-DRB1/CD74/TFRC/IL18",10
"GO:0046635","positive regulation of alpha-beta T cell activation","5/93","75/18986",0.0666666666666667,13.6100358422939,7.67690237969765,3.3314108683546e-05,0.00207843022509012,0.00155855479221268,"CD86/CD83/HLA-DRA/HLA-DRB1/IL18",5
"GO:0051251","positive regulation of lymphocyte activation","9/93","336/18986",0.0267857142857143,5.46831797235023,5.79789844364124,3.98932466716616e-05,0.00230373830142854,0.00172750681083829,"CLEC7A/CD86/CD83/HLA-DRA/LYN/HLA-DRB1/CD74/TFRC/IL18",9
"GO:1902105","regulation of leukocyte differentiation","9/93","337/18986",0.0267062314540059,5.45209150952426,5.78558889750058,4.08244841383497e-05,0.00230373830142854,0.00172750681083829,"CD86/CD83/HLA-DRA/LYN/MITF/HLA-DRB1/CD74/QKI/IL18",9
"GO:0035710","CD4-positive, alpha-beta T cell activation","6/93","129/18986",0.0465116279069767,9.49537384346086,6.7926206698201,4.11487408118175e-05,0.00230373830142854,0.00172750681083829,"CD86/CD83/HLA-DRA/HLA-DRB1/CTSL/IL18",6
"GO:0050870","positive regulation of T cell activation","8/93","260/18986",0.0307692307692308,6.28155500413565,6.01620026214744,4.14391765158445e-05,0.00230373830142854,0.00172750681083829,"CD86/CD83/HLA-DRA/LYN/HLA-DRB1/CD74/TFRC/IL18",8
"GO:0070661","leukocyte proliferation","9/93","341/18986",0.0263929618768328,5.38813735691988,5.736837148185,4.47358425602325e-05,0.00230373830142854,0.00172750681083829,"SLC11A1/CD86/DOCK2/LYN/HLA-DRB1/CSF2RA/CD74/TFRC/IL18",9
"GO:0046637","regulation of alpha-beta T cell differentiation","5/93","80/18986",0.0625,12.7594086021505,7.39480898834209,4.55170342768708e-05,0.00230373830142854,0.00172750681083829,"CD86/CD83/HLA-DRA/HLA-DRB1/IL18",5
"GO:0002478","antigen processing and presentation of exogenous peptide antigen","4/93","41/18986",0.0975609756097561,19.9171256228691,8.50738494115197,4.75529463974873e-05,0.00230373830142854,0.00172750681083829,"HLA-DRA/HLA-DRB1/CD74/CTSL",4
"GO:0007159","leukocyte cell-cell adhesion","10/93","430/18986",0.0232558139534884,4.74768692173043,5.51507803434758,4.83588034735322e-05,0.00230373830142854,0.00172750681083829,"OLR1/CD86/LAPTM5/CD83/HLA-DRA/LYN/HLA-DRB1/CD74/TFRC/IL18",10
"GO:0002824","positive regulation of adaptive immune response based on somatic recombination of immune receptors built from immunoglobulin superfamily domains","6/93","133/18986",0.0451127819548872,9.20979869027407,6.66598615802947,4.8830035525375e-05,0.00230373830142854,0.00172750681083829,"CLEC7A/SLC11A1/HLA-DRA/HLA-DRB1/TFRC/IL18",6
"GO:0046632","alpha-beta T cell differentiation","6/93","133/18986",0.0451127819548872,9.20979869027407,6.66598615802947,4.8830035525375e-05,0.00230373830142854,0.00172750681083829,"CD86/CD83/HLA-DRA/HLA-DRB1/CTSL/IL18",6
"GO:0002695","negative regulation of leukocyte activation","7/93","196/18986",0.0357142857142857,7.29109062980031,6.21136284761833,5.02596512778266e-05,0.00230373830142854,0.00172750681083829,"CD86/LAPTM5/SAMSN1/MERTK/LYN/HLA-DRB1/CD74",7
"GO:0002700","regulation of production of molecular mediator of immune response","7/93","196/18986",0.0357142857142857,7.29109062980031,6.21136284761833,5.02596512778266e-05,0.00230373830142854,0.00172750681083829,"CLEC7A/CD86/LAPTM5/IRAK3/CD74/TFRC/IL18",7
"GO:0046631","alpha-beta T cell activation","7/93","196/18986",0.0357142857142857,7.29109062980031,6.21136284761833,5.02596512778266e-05,0.00230373830142854,0.00172750681083829,"CD86/DOCK2/CD83/HLA-DRA/HLA-DRB1/CTSL/IL18",7
"GO:0002286","T cell activation involved in immune response","6/93","136/18986",0.0441176470588235,9.00664136622391,6.57446572600252,5.53120163503737e-05,0.00244175530168991,0.00183100177283773,"SLC11A1/CD86/HLA-DRA/HLA-DRB1/CD74/IL18",6
"GO:0002699","positive regulation of immune effector process","8/93","272/18986",0.0294117647058824,6.00442757748261,5.83246123314971,5.69551256389375e-05,0.00244175530168991,0.00183100177283773,"CLEC7A/CD86/LAPTM5/HLA-DRA/HLA-DRB1/CD74/TFRC/IL18",8
"GO:2000514","regulation of CD4-positive, alpha-beta T cell activation","5/93","84/18986",0.0595238095238095,12.1518177163338,7.18667058088581,5.75593121836619e-05,0.00244175530168991,0.00183100177283773,"CD86/CD83/HLA-DRA/HLA-DRB1/IL18",5
"GO:0045621","positive regulation of lymphocyte differentiation","6/93","137/18986",0.0437956204379562,8.94089945844125,6.54458535892895,5.76193370389873e-05,0.00244175530168991,0.00183100177283773,"CD86/CD83/HLA-DRA/HLA-DRB1/CD74/IL18",6
"GO:0002821","positive regulation of adaptive immune response","6/93","139/18986",0.0431654676258993,8.812253423068,6.48573082855561,6.24648643326326e-05,0.00259807565353876,0.00194822188951681,"CLEC7A/SLC11A1/HLA-DRA/HLA-DRB1/TFRC/IL18",6
"GO:0002702","positive regulation of production of molecular mediator of immune response","6/93","140/18986",0.0428571428571429,8.74930875576037,6.45674599780033,6.50067977728596e-05,0.00265464123268805,0.00199063878347513,"CLEC7A/CD86/LAPTM5/CD74/TFRC/IL18",6
"GO:0010232","vascular transport","5/93","88/18986",0.0568181818181818,11.5994623655914,6.99219551787594,7.19252453694801e-05,0.00283410703683951,0.00212521500630043,"SLCO2B1/SLC2A3/APOE/SLC1A3/TFRC",5
"GO:0150104","transport across blood-brain barrier","5/93","88/18986",0.0568181818181818,11.5994623655914,6.99219551787594,7.19252453694801e-05,0.00283410703683951,0.00212521500630043,"SLCO2B1/SLC2A3/APOE/SLC1A3/TFRC",5
"GO:1903039","positive regulation of leukocyte cell-cell adhesion","8/93","284/18986",0.028169014084507,5.75071936998334,5.65940577156669,7.7038866806229e-05,0.00298326370425501,0.0022370632829395,"CD86/CD83/HLA-DRA/LYN/HLA-DRB1/CD74/TFRC/IL18",8
"GO:0051453","regulation of intracellular pH","5/93","90/18986",0.0555555555555556,11.3416965352449,6.89960800014556,8.00706059406019e-05,0.00304811154139986,0.00228569080294314,"SLC11A1/SLC9A9/ATP6V1B2/DMXL2/RAB20",5
"GO:0002696","positive regulation of leukocyte activation","9/93","371/18986",0.0242587601078167,4.95243891835493,5.39407417535189,8.5499131783777e-05,0.00320051749977272,0.0023999756290183,"CLEC7A/CD86/CD83/HLA-DRA/LYN/HLA-DRB1/CD74/TFRC/IL18",9
"GO:0002830","positive regulation of type 2 immune response","3/93","18/18986",0.166666666666667,34.0250896057348,9.83480604373209,8.80232137370274e-05,0.00322434555455181,0.00241784359904527,"CD86/CD74/IL18",3
"GO:0045622","regulation of T-helper cell differentiation","4/93","48/18986",0.0833333333333333,17.0125448028674,7.79309971523641,8.90068674898542e-05,0.00322434555455181,0.00241784359904527,"CD86/HLA-DRA/HLA-DRB1/IL18",4
"GO:0099175","regulation of postsynapse organization","6/93","150/18986",0.04,8.16602150537634,6.18195313713724,9.52626877916834e-05,0.00339619042508129,0.00254670510387124,"GNA13/DOCK4/ZNF804A/APOE/ELMO1/SIPA1L1",6
"GO:0030641","regulation of cellular pH","5/93","94/18986",0.0531914893617021,10.8590711507664,6.72290960593224,9.84779934847232e-05,0.00345596208385451,0.00259152614433482,"SLC11A1/SLC9A9/ATP6V1B2/DMXL2/RAB20",5
"GO:0098543","detection of other organism","3/93","19/18986",0.157894736842105,32.2342954159593,9.55664612378327,0.00010415698665494,0.00352363136774656,0.00264226938575925,"CLEC7A/TLR2/HLA-DRB1",3
"GO:0019884","antigen processing and presentation of exogenous antigen","4/93","50/18986",0.08,16.3320430107527,7.61618038182903,0.000104561564419701,0.00352363136774656,0.00264226938575925,"HLA-DRA/HLA-DRB1/CD74/CTSL",4
"GO:0046651","lymphocyte proliferation","8/93","297/18986",0.0269360269360269,5.49900438072481,5.48274340811,0.000105112779002235,0.00352363136774656,0.00264226938575925,"SLC11A1/CD86/DOCK2/LYN/HLA-DRB1/CD74/TFRC/IL18",8
"GO:0002819","regulation of adaptive immune response","7/93","221/18986",0.0316742081447964,6.46630662190435,5.7347191548207,0.000106809063782581,0.00352784054787759,0.00264542572836113,"CLEC7A/SLC11A1/SAMSN1/HLA-DRA/HLA-DRB1/TFRC/IL18",7
"GO:0002285","lymphocyte activation involved in immune response","7/93","227/18986",0.0308370044052863,6.29539102837383,5.63121922561289,0.00012614044555793,0.00401371787447201,0.00300977110144595,"SLC11A1/CD86/HLA-DRA/HLA-DRB1/CD74/TFRC/IL18",7
"GO:0032943","mononuclear cell proliferation","8/93","305/18986",0.0262295081967213,5.35476820024678,5.3791197802763,0.000126261698597431,0.00401371787447201,0.00300977110144595,"SLC11A1/CD86/DOCK2/LYN/HLA-DRB1/CD74/TFRC/IL18",8
"GO:0050867","positive regulation of cell activation","9/93","391/18986",0.0230179028132992,4.69911723455161,5.18542903985422,0.00012725904136208,0.00401371787447201,0.00300977110144595,"CLEC7A/CD86/CD83/HLA-DRA/LYN/HLA-DRB1/CD74/TFRC/IL18",9
"GO:1903037","regulation of leukocyte cell-cell adhesion","9/93","392/18986",0.0229591836734694,4.68712969058591,5.17536931587499,0.000129730384954468,0.00401371787447201,0.00300977110144595,"CD86/LAPTM5/CD83/HLA-DRA/LYN/HLA-DRB1/CD74/TFRC/IL18",9
"GO:0046718","symbiont entry into host cell","6/93","159/18986",0.0377358490566038,7.70379387299655,5.9555923831525,0.000131215418886163,0.00401371787447201,0.00300977110144595,"CD86/CIITA/HLA-DRB1/CD74/TFRC/CTSL",6
"GO:0050863","regulation of T cell activation","9/93","393/18986",0.0229007633587786,4.67520315193302,5.16534344993494,0.000132241817769781,0.00401371787447201,0.00300977110144595,"CD86/LAPTM5/CD83/HLA-DRA/LYN/HLA-DRB1/CD74/TFRC/IL18",9
"GO:0002440","production of molecular mediator of immune response","7/93","230/18986",0.0304347826086957,6.21327723235157,5.58085757333983,0.000136820922705755,0.00409733056529502,0.00307246984321696,"CLEC7A/CD86/LAPTM5/IRAK3/CD74/TFRC/IL18",7
"GO:0050807","regulation of synapse organization","8/93","312/18986",0.0256410256410256,5.23462917011304,5.29139664127644,0.000147545239789619,0.00436035011273004,0.00326970060475609,"TLR2/GNA13/PLXNC1/DOCK4/ZNF804A/APOE/ELMO1/SIPA1L1",8
"GO:0044409","symbiont entry into host","6/93","164/18986",0.0365853658536585,7.46892210857592,5.83737070284428,0.00015540003651887,0.0045328374288491,0.00339904386097322,"CD86/CIITA/HLA-DRB1/CD74/TFRC/CTSL",6
"GO:0070665","positive regulation of leukocyte proliferation","6/93","166/18986",0.036144578313253,7.37893509521959,5.79146892603008,0.000166008260245874,0.00477826689552922,0.00358308432902787,"CD86/LYN/CSF2RA/CD74/TFRC/IL18",6
"GO:0050803","regulation of synapse structure or activity","8/93","318/18986",0.0251572327044025,5.1358625819977,5.21827637770967,0.000168069049308463,0.00477826689552922,0.00358308432902787,"TLR2/GNA13/PLXNC1/DOCK4/ZNF804A/APOE/ELMO1/SIPA1L1",8
"GO:0006885","regulation of pH","5/93","106/18986",0.0471698113207547,9.62974234124569,6.25095078362242,0.000173613759307911,0.00480457060581998,0.00360280872161596,"SLC11A1/SLC9A9/ATP6V1B2/DMXL2/RAB20",5
"GO:0051452","intracellular pH reduction","4/93","57/18986",0.0701754385964912,14.3263535182041,7.06937850236725,0.000174713832462944,0.00480457060581998,0.00360280872161596,"SLC11A1/ATP6V1B2/DMXL2/RAB20",4
"GO:0030217","T cell differentiation","8/93","320/18986",0.025,5.10376344086022,5.19431148602791,0.000175411749633677,0.00480457060581998,0.00360280872161596,"CD86/DOCK2/CD83/HLA-DRA/HLA-DRB1/CD74/CTSL/IL18",8
"GO:0051345","positive regulation of hydrolase activity","8/93","331/18986",0.0241691842900302,4.93415196699477,5.06598400921877,0.000220681785348865,0.00597170228787409,0.0044780070584424,"CLEC7A/LAPTM5/ST18/ABR/ARHGAP6/RAPGEF1/LYN/SIPA1L1",8
"GO:1903557","positive regulation of tumor necrosis factor superfamily cytokine production","5/93","112/18986",0.0446428571428571,9.11386328725039,6.0422826145866,0.000224589760426616,0.00600510240378785,0.0045030528406339,"CLEC7A/CD86/TLR2/FCGR2A/CYBB",5
"GO:1905954","positive regulation of lipid localization","5/93","113/18986",0.0442477876106195,9.03320962984109,6.00902712885267,0.000234086512726134,0.00618539185391644,0.00463824669178718,"MSR1/SPP1/ACSL1/APOE/DAB2",5
"GO:0030098","lymphocyte differentiation","9/93","426/18986",0.0211267605633803,4.31303952748751,4.85220056169996,0.000241226396365687,0.00629993588648063,0.004724139953306,"CD86/DOCK2/CD83/MERTK/HLA-DRA/HLA-DRB1/CD74/CTSL/IL18",9
"GO:1903034","regulation of response to wounding","6/93","181/18986",0.0331491712707182,6.76742113705222,5.46991523158707,0.000265102367335353,0.00684390709235866,0.00513204824847629,"CLEC7A/SPP1/EMILIN2/APOE/PLAUR/CD109",6
"GO:1903706","regulation of hemopoiesis","9/93","433/18986",0.0207852193995381,4.24331371526484,4.78985258145873,0.000272016022347548,0.00687969791960375,0.00515888675604161,"CD86/CD83/HLA-DRA/LYN/MITF/HLA-DRB1/CD74/QKI/IL18",9
"GO:0098581","detection of external biotic stimulus","3/93","26/18986",0.115384615384615,23.5558312655087,8.074630489149,0.000272614922014574,0.00687969791960375,0.00515888675604161,"CLEC7A/TLR2/HLA-DRB1",3
"GO:0019882","antigen processing and presentation","5/93","118/18986",0.0423728813559322,8.65044650993257,5.84872451209189,0.00028623783829763,0.0070955444812487,0.00532074385808591,"SLC11A1/HLA-DRA/HLA-DRB1/CD74/CTSL",5
"GO:0032615","interleukin-12 production","4/93","65/18986",0.0615384615384615,12.5631100082713,6.55172417658539,0.000290645633247943,0.0070955444812487,0.00532074385808591,"CLEC7A/TLR2/LAPTM5/IRAK3",4
"GO:0032655","regulation of interleukin-12 production","4/93","65/18986",0.0615384615384615,12.5631100082713,6.55172417658539,0.000290645633247943,0.0070955444812487,0.00532074385808591,"CLEC7A/TLR2/LAPTM5/IRAK3",4
"GO:0032613","interleukin-10 production","4/93","66/18986",0.0606060606060606,12.3727598566308,6.49342133027613,0.000308244781384288,0.0071372966906094,0.0053520526339106,"CLEC7A/TLR2/CD83/HLA-DRB1",4
"GO:0032623","interleukin-2 production","4/93","66/18986",0.0606060606060606,12.3727598566308,6.49342133027613,0.000308244781384288,0.0071372966906094,0.0053520526339106,"CLEC7A/CD86/LAPTM5/CD83",4
"GO:0032653","regulation of interleukin-10 production","4/93","66/18986",0.0606060606060606,12.3727598566308,6.49342133027613,0.000308244781384288,0.0071372966906094,0.0053520526339106,"CLEC7A/TLR2/CD83/HLA-DRB1",4
"GO:0032663","regulation of interleukin-2 production","4/93","66/18986",0.0606060606060606,12.3727598566308,6.49342133027613,0.000308244781384288,0.0071372966906094,0.0053520526339106,"CLEC7A/CD86/LAPTM5/CD83",4
"GO:1901224","positive regulation of non-canonical NF-kappaB signal transduction","4/93","66/18986",0.0606060606060606,12.3727598566308,6.49342133027613,0.000308244781384288,0.0071372966906094,0.0053520526339106,"CD86/TLR2/LAPTM5/IL18",4
"GO:0046634","regulation of alpha-beta T cell activation","5/93","122/18986",0.040983606557377,8.3668253128856,5.72716513898717,0.000333952630440845,0.00757633947444583,0.00568127813615472,"CD86/CD83/HLA-DRA/HLA-DRB1/IL18",5
"GO:0051092","positive regulation of NF-kappaB transcription factor activity","5/93","122/18986",0.040983606557377,8.3668253128856,5.72716513898717,0.000333952630440845,0.00757633947444583,0.00568127813615472,"CLEC7A/TLR2/IRAK3/TFRC/IL18",5
"GO:1901888","regulation of cell junction assembly","7/93","268/18986",0.0261194029850746,5.33229016209276,5.0113129506319,0.000347963226174528,0.0078152540598799,0.00586043328293942,"TLR2/GNA13/DOCK4/ARHGAP6/RAPGEF1/ELMO1/FMN1",7
"GO:0045580","regulation of T cell differentiation","6/93","191/18986",0.031413612565445,6.41310589427462,5.27519301110373,0.000353590829446597,0.00784912959737197,0.00588583557004038,"CD86/CD83/HLA-DRA/HLA-DRB1/CD74/IL18",6
"GO:0032609","type II interferon production","5/93","124/18986",0.0403225806451613,8.23187651751648,5.6684495683375,0.000359955631580282,0.00784912959737197,0.00588583557004038,"CLEC7A/SLC11A1/LAPTM5/HLA-DRB1/IL18",5
"GO:0032649","regulation of type II interferon production","5/93","124/18986",0.0403225806451613,8.23187651751648,5.6684495683375,0.000359955631580282,0.00784912959737197,0.00588583557004038,"CLEC7A/SLC11A1/LAPTM5/HLA-DRB1/IL18",5
"GO:0070663","regulation of leukocyte proliferation","7/93","270/18986",0.0259259259259259,5.29279171644763,4.98438400678718,0.000363884415490762,0.00785850381915627,0.00589286502819048,"CD86/LYN/HLA-DRB1/CSF2RA/CD74/TFRC/IL18",7
"GO:0071706","tumor necrosis factor superfamily cytokine production","6/93","193/18986",0.0310880829015544,6.3466488383754,5.2379165069863,0.000373777610041842,0.00791985388824507,0.00593886967295876,"CLEC7A/CD86/TLR2/FCGR2A/IRAK3/CYBB",6
"GO:1903555","regulation of tumor necrosis factor superfamily cytokine production","6/93","193/18986",0.0310880829015544,6.3466488383754,5.2379165069863,0.000373777610041842,0.00791985388824507,0.00593886967295876,"CLEC7A/CD86/TLR2/FCGR2A/IRAK3/CYBB",6
"GO:0002718","regulation of cytokine production involved in immune response","5/93","126/18986",0.0396825396825397,8.10121181088923,5.61103797290563,0.000387462542044057,0.00813309223767245,0.00609877095199696,"CLEC7A/LAPTM5/IRAK3/CD74/IL18",5
"GO:1902107","positive regulation of leukocyte differentiation","6/93","195/18986",0.0307692307692308,6.28155500413565,5.2011631771079,0.000394855895475506,0.00813620496548611,0.00610110509667609,"CD86/CD83/HLA-DRA/HLA-DRB1/CD74/IL18",6
"GO:1903708","positive regulation of hemopoiesis","6/93","195/18986",0.0307692307692308,6.28155500413565,5.2011631771079,0.000394855895475506,0.00813620496548611,0.00610110509667609,"CD86/CD83/HLA-DRA/HLA-DRB1/CD74/IL18",6
"GO:0002367","cytokine production involved in immune response","5/93","127/18986",0.0393700787401575,8.03742274151215,5.58280531194588,0.000401797489298482,0.00820397419058537,0.00615192328112509,"CLEC7A/LAPTM5/IRAK3/CD74/IL18",5
"GO:0002761","regulation of myeloid leukocyte differentiation","5/93","130/18986",0.0384615384615385,7.85194375516956,5.49992786497546,0.000447213659625048,0.00904902594160233,0.00678560318065507,"LYN/MITF/HLA-DRB1/CD74/QKI",5
"GO:0032722","positive regulation of chemokine production","4/93","73/18986",0.0547945205479452,11.1863308292827,6.1178004697699,0.000453516499957299,0.00907653457914048,0.00680623111338275,"CLEC7A/TLR2/CD74/IL18",4
"GO:0002768","immune response-regulating cell surface receptor signaling pathway","8/93","369/18986",0.021680216802168,4.42602791619314,4.66278664411245,0.000456655568763524,0.00907653457914048,0.00680623111338275,"CLEC7A/TLR2/LAPTM5/FCGR2A/LCP2/LYN/HLA-DRB1/GRB2",8
"GO:0090382","phagosome maturation","3/93","31/18986",0.0967741935483871,19.7565036420395,7.332754599479,0.000463030226142655,0.00912250778874037,0.00684070509536701,"SLC9A9/RAB31/RAB20",3
"GO:0050864","regulation of B cell activation","5/93","133/18986",0.037593984962406,7.67483224189506,5.41966265072401,0.000496398569440351,0.00969060027441429,0.00726670124153483,"LAPTM5/SAMSN1/LYN/CD74/TFRC",5
"GO:0051701","biological process involved in interaction with host","6/93","204/18986",0.0294117647058824,6.00442757748261,5.04190765379266,0.000501483719856598,0.00969060027441429,0.00726670124153483,"CD86/CIITA/HLA-DRB1/CD74/TFRC/CTSL",6
"GO:0019883","antigen processing and presentation of endogenous antigen","3/93","32/18986",0.09375,19.1391129032258,7.20504848619926,0.000509123255735034,0.00969060027441429,0.00726670124153483,"HLA-DRA/HLA-DRB1/CD74",3
"GO:0045940","positive regulation of steroid metabolic process","3/93","32/18986",0.09375,19.1391129032258,7.20504848619926,0.000509123255735034,0.00969060027441429,0.00726670124153483,"APOE/DAB2/QKI",3
"GO:0002822","regulation of adaptive immune response based on somatic recombination of immune receptors built from immunoglobulin superfamily domains","6/93","206/18986",0.029126213592233,5.94613216410899,5.00781003135338,0.000527965407343219,0.00996479247809134,0.00747231005527775,"CLEC7A/SLC11A1/HLA-DRA/HLA-DRB1/TFRC/IL18",6
"GO:0050869","negative regulation of B cell activation","3/93","33/18986",0.0909090909090909,18.5591397849462,7.08300482344484,0.000558055697660008,0.0104449424745365,0.0078323606689124,"LAPTM5/SAMSN1/LYN",3
"GO:0050878","regulation of body fluid levels","8/93","381/18986",0.020997375328084,4.28662546213981,4.54667779824907,0.000563797268735967,0.0104651955833139,0.0078475478901918,"F13A1/EMILIN2/GNA13/MERTK/APOE/PAPSS2/LYN/PLAUR",8
"GO:0002828","regulation of type 2 immune response","3/93","34/18986",0.0882352941176471,18.0132827324478,6.96620686186802,0.000609897720315403,0.0112281170477737,0.00841964066009184,"CD86/CD74/IL18",3
"GO:0002443","leukocyte mediated immunity","9/93","485/18986",0.0185567010309278,3.7883604921849,4.36433924190928,0.000618967198686339,0.0112648755768449,0.00844720481930537,"CLEC7A/FCGR2A/HLA-DRA/LYN/HLA-DRB1/CD74/GRB2/TFRC/IL18",9
"GO:0008360","regulation of cell shape","5/93","140/18986",0.0357142857142857,7.29109062980031,5.24175452624311,0.00062694098268282,0.0112648755768449,0.00844720481930537,"EPB41L3/GNA13/ARHGAP18/PLXNC1/FMNL2",5
"GO:0061041","regulation of wound healing","5/93","140/18986",0.0357142857142857,7.29109062980031,5.24175452624311,0.00062694098268282,0.0112648755768449,0.00844720481930537,"CLEC7A/EMILIN2/APOE/PLAUR/CD109",5
"GO:0001818","negative regulation of cytokine production","8/93","388/18986",0.0206185567010309,4.209289435761,4.48113409783026,0.000635161058460213,0.0113219979150924,0.00849003921082991,"SLC11A1/LAPTM5/SRGN/IRAK3/CD83/MERTK/HLA-DRB1/QKI",8
"GO:0030168","platelet activation","5/93","141/18986",0.0354609929078014,7.23938076717761,5.2173417852074,0.000647503860436057,0.0113966205064616,0.00854599653669147,"EMILIN2/GNA13/MERTK/APOE/LYN",5
"GO:0042098","T cell proliferation","6/93","215/18986",0.027906976744186,5.69722430607652,4.85974114761968,0.000660895021600397,0.0113966205064616,0.00854599653669147,"SLC11A1/CD86/DOCK2/HLA-DRB1/TFRC/IL18",6
"GO:0032633","interleukin-4 production","3/93","35/18986",0.0857142857142857,17.4986175115207,6.85427971468831,0.000664718293119533,0.0113966205064616,0.00854599653669147,"CD86/CD83/HLA-DRB1",3
"GO:0032673","regulation of interleukin-4 production","3/93","35/18986",0.0857142857142857,17.4986175115207,6.85427971468831,0.000664718293119533,0.0113966205064616,0.00854599653669147,"CD86/CD83/HLA-DRB1",3
"GO:0032743","positive regulation of interleukin-2 production","3/93","35/18986",0.0857142857142857,17.4986175115207,6.85427971468831,0.000664718293119533,0.0113966205064616,0.00854599653669147,"CLEC7A/CD86/CD83",3
"GO:0042093","T-helper cell differentiation","4/93","81/18986",0.0493827160493827,10.0815080313288,5.74656671028976,0.000672874607062729,0.0114490633898704,0.00858532194019431,"CD86/HLA-DRA/HLA-DRB1/IL18",4
"GO:0007035","vacuolar acidification","3/93","36/18986",0.0833333333333333,17.0125448028674,6.74688509560538,0.000722585198404862,0.012202453801634,0.00915026764897332,"SLC11A1/ATP6V1B2/DMXL2",3
"GO:0002294","CD4-positive, alpha-beta T cell differentiation involved in immune response","4/93","83/18986",0.0481927710843374,9.83858012695945,5.66177354945898,0.00073768415840083,0.0122728786649501,0.00920307721981543,"CD86/HLA-DRA/HLA-DRB1/IL18",4
"GO:0071901","negative regulation of protein serine/threonine kinase activity","4/93","83/18986",0.0481927710843374,9.83858012695945,5.66177354945898,0.00073768415840083,0.0122728786649501,0.00920307721981543,"SLC8A1/IRAK3/APOE/LYN",4
"GO:0002287","alpha-beta T cell activation involved in immune response","4/93","84/18986",0.0476190476190476,9.72145417306708,5.62044858716812,0.000771690400711688,0.0126035984690172,0.00945107444834209,"CD86/HLA-DRA/HLA-DRB1/IL18",4
"GO:0002293","alpha-beta T cell differentiation involved in immune response","4/93","84/18986",0.0476190476190476,9.72145417306708,5.62044858716812,0.000771690400711688,0.0126035984690172,0.00945107444834209,"CD86/HLA-DRA/HLA-DRB1/IL18",4
"GO:0002460","adaptive immune response based on somatic recombination of immune receptors built from immunoglobulin superfamily domains","8/93","400/18986",0.02,4.08301075268817,4.37228417912421,0.00077439741261103,0.0126035984690172,0.00945107444834209,"CLEC7A/SLC11A1/FCGR2A/HLA-DRA/HLA-DRB1/CD74/TFRC/IL18",8
"GO:0034110","regulation of homotypic cell-cell adhesion","3/93","37/18986",0.0810810810810811,16.5527462946818,6.64371684361126,0.000783565043217104,0.0126610581803282,0.00949416182618225,"EMILIN2/LYN/PLAUR",3
"GO:0045619","regulation of lymphocyte differentiation","6/93","223/18986",0.0269058295964126,5.49283957760741,4.73498401092733,0.000799630102370089,0.0128283514994516,0.00961961025407626,"CD86/CD83/HLA-DRA/HLA-DRB1/CD74/IL18",6
"GO:0002720","positive regulation of cytokine production involved in immune response","4/93","85/18986",0.0470588235294118,9.60708412397217,5.57981027427341,0.000806790084900774,0.0128514222034549,0.00963691030863186,"CLEC7A/LAPTM5/CD74/IL18",4
"GO:0150076","neuroinflammatory response","4/93","86/18986",0.0465116279069767,9.49537384346086,5.53983884564191,0.000843002581730878,0.0132221282410556,0.00991489205871914,"TLR2/ZEB2/LYN/IL18",4
"GO:0010934","macrophage cytokine production","3/93","38/18986",0.0789473684210526,16.1171477079796,6.54449709927176,0.000847723271020487,0.0132221282410556,0.00991489205871914,"LAPTM5/IRAK3/CD74",3
"GO:0010935","regulation of macrophage cytokine production","3/93","38/18986",0.0789473684210526,16.1171477079796,6.54449709927176,0.000847723271020487,0.0132221282410556,0.00991489205871914,"LAPTM5/IRAK3/CD74",3
"GO:0001909","leukocyte mediated cytotoxicity","5/93","151/18986",0.033112582781457,6.7599515772983,4.9856387428318,0.000882016708038776,0.0136621346638282,0.0102448401659676,"FCGR2A/HLA-DRA/HLA-DRB1/GRB2/IL18",5
"GO:0007162","negative regulation of cell adhesion","7/93","314/18986",0.0222929936305732,4.55112663516197,4.45176137610864,0.000889924058230328,0.0136902016081186,0.0102658867568026,"CD86/LAPTM5/TGFBI/PLXNC1/ARHGAP6/HLA-DRB1/CD74",7
"GO:0009595","detection of biotic stimulus","3/93","39/18986",0.0769230769230769,15.7038875103391,6.44897302325236,0.000915124173309815,0.0139440719113628,0.0104562567643907,"CLEC7A/TLR2/HLA-DRB1",3
"GO:0032370","positive regulation of lipid transport","4/93","88/18986",0.0454545454545455,9.27956989247312,5.46182150521377,0.000918843563170836,0.0139440719113628,0.0104562567643907,"SPP1/ACSL1/APOE/DAB2",4
"GO:0035296","regulation of tube diameter","5/93","154/18986",0.0324675324675325,6.62826420890937,4.9202019278855,0.000963337990664014,0.0144243808468758,0.0108164265618416,"TBXAS1/SLC8A1/DOCK4/APOE/KCNMA1",5
"GO:0097746","blood vessel diameter maintenance","5/93","154/18986",0.0324675324675325,6.62826420890937,4.9202019278855,0.000963337990664014,0.0144243808468758,0.0108164265618416,"TBXAS1/SLC8A1/DOCK4/APOE/KCNMA1",5
"GO:0045730","respiratory burst","3/93","40/18986",0.075,15.3112903225806,6.35691396846642,0.000985830901129984,0.0146528708163152,0.0109877645901975,"CLEC7A/SLC11A1/CYBB",3
"GO:0035150","regulation of tube size","5/93","155/18986",0.032258064516129,6.58550121401318,4.89877644199355,0.000991645754265321,0.0146528708163152,0.0109877645901975,"TBXAS1/SLC8A1/DOCK4/APOE/KCNMA1",5
"GO:0044403","biological process involved in symbiotic interaction","7/93","322/18986",0.0217391304347826,4.4380551659654,4.36550737903087,0.00103009152437411,0.0151214742728382,0.0113391567870559,"CD86/APOE/CIITA/HLA-DRB1/CD74/TFRC/CTSL",7
"GO:0045657","positive regulation of monocyte differentiation","2/93","10/18986",0.2,40.8301075268817,8.8390472554343,0.00104119634898265,0.0151852402585391,0.01138697305791,"HLA-DRB1/CD74",2
"GO:0019058","viral life cycle","7/93","323/18986",0.021671826625387,4.42431505709245,4.35492380982128,0.00104876937548521,0.0151970065634825,0.0113957962701279,"CD86/APOE/CIITA/HLA-DRB1/CD74/TFRC/CTSL",7
"GO:0043407","negative regulation of MAP kinase activity","3/93","41/18986",0.0731707317073171,14.9378442171518,6.26810903352957,0.0010599054765036,0.0152599211553019,0.0114429741053021,"IRAK3/APOE/LYN",3
"GO:0002705","positive regulation of leukocyte mediated immunity","5/93","158/18986",0.0316455696202532,6.46046005172179,4.83561811198916,0.00108028676835394,0.0153227027295501,0.0114900521944416,"CLEC7A/HLA-DRA/HLA-DRB1/TFRC/IL18",5
"GO:0042552","myelination","5/93","158/18986",0.0316455696202532,6.46046005172179,4.83561811198916,0.00108028676835394,0.0153227027295501,0.0114900521944416,"EPB41L3/TLR2/ITGAX/QKI/GRB2",5
"GO:0002292","T cell differentiation involved in immune response","4/93","92/18986",0.0434782608695652,8.87611033193081,5.31300301283257,0.00108473273998151,0.0153227027295501,0.0114900521944416,"CD86/HLA-DRA/HLA-DRB1/IL18",4
"GO:0032733","positive regulation of interleukin-10 production","3/93","42/18986",0.0714285714285714,14.5821812596006,6.18236493819032,0.00113740880376734,0.0158407084811911,0.0118784897454683,"CLEC7A/TLR2/CD83",3
"GO:0007272","ensheathment of neurons","5/93","160/18986",0.03125,6.37970430107527,4.79441564564949,0.00114256223239223,0.0158407084811911,0.0118784897454683,"EPB41L3/TLR2/ITGAX/QKI/GRB2",5
"GO:0008366","axon ensheathment","5/93","160/18986",0.03125,6.37970430107527,4.79441564564949,0.00114256223239223,0.0158407084811911,0.0118784897454683,"EPB41L3/TLR2/ITGAX/QKI/GRB2",5
"GO:0050670","regulation of lymphocyte proliferation","6/93","240/18986",0.025,5.10376344086022,4.48879679287608,0.00116858926825163,0.0160930200978114,0.0120676909389784,"CD86/LYN/HLA-DRB1/CD74/TFRC/IL18",6
"GO:0046889","positive regulation of lipid biosynthetic process","4/93","94/18986",0.0425531914893617,8.68725692061313,5.24194750241168,0.00117509140518302,0.0160930200978114,0.0120676909389784,"APOE/DAB2/CD74/QKI",4
"GO:0042092","type 2 immune response","3/93","43/18986",0.0697674418604651,14.2430607651913,6.09950417181228,0.00121840068081771,0.0165850177522217,0.0124366257691122,"CD86/CD74/IL18",3
"GO:0002361","CD4-positive, CD25-positive, alpha-beta regulatory T cell differentiation","2/93","11/18986",0.181818181818182,37.1182795698925,8.40676327437003,0.00126851837819342,0.0170604327989367,0.012793125780709,"HLA-DRA/HLA-DRB1",2
"GO:0002604","regulation of dendritic cell antigen processing and presentation","2/93","11/18986",0.181818181818182,37.1182795698925,8.40676327437003,0.00126851837819342,0.0170604327989367,0.012793125780709,"SLC11A1/CD74",2
"GO:0032944","regulation of mononuclear cell proliferation","6/93","245/18986",0.0244897959183673,4.99960500329164,4.42079195832547,0.0012986658591431,0.0172141341991719,0.012908382021219,"CD86/LYN/HLA-DRB1/CD74/TFRC/IL18",6
"GO:0032735","positive regulation of interleukin-12 production","3/93","44/18986",0.0681818181818182,13.9193548387097,6.01936337436674,0.0013029398102668,0.0172141341991719,0.012908382021219,"CLEC7A/TLR2/LAPTM5",3
"GO:0150052","regulation of postsynapse assembly","3/93","44/18986",0.0681818181818182,13.9193548387097,6.01936337436674,0.0013029398102668,0.0172141341991719,0.012908382021219,"GNA13/DOCK4/ELMO1",3
"GO:0002429","immune response-activating cell surface receptor signaling pathway","7/93","336/18986",0.0208333333333333,4.25313620071685,4.22113050857224,0.00131675139151312,0.0172948750019793,0.012968927217119,"CLEC7A/TLR2/LAPTM5/LCP2/LYN/HLA-DRB1/GRB2",7
"GO:0099173","postsynapse organization","6/93","246/18986",0.024390243902439,4.97928140571728,4.40741276903664,0.00132595986538939,0.0173145689399103,0.0129836951323318,"GNA13/DOCK4/ZNF804A/APOE/ELMO1/SIPA1L1",6
"GO:0007584","response to nutrient","5/93","168/18986",0.0297619047619048,6.07590885816692,4.6363694647971,0.0014185778427285,0.0184169123397007,0.0138103106076398,"KYNU/SPP1/ACSL1/CYBB/TFRC",5
"GO:0043380","regulation of memory T cell differentiation","2/93","12/18986",0.166666666666667,34.0250896057348,8.02881576275811,0.00151737340425813,0.0191461835166504,0.0143571699988942,"HLA-DRA/HLA-DRB1",2
"GO:0045060","negative thymic T cell selection","2/93","12/18986",0.166666666666667,34.0250896057348,8.02881576275811,0.00151737340425813,0.0191461835166504,0.0143571699988942,"DOCK2/CD74",2
"GO:0045628","regulation of T-helper 2 cell differentiation","2/93","12/18986",0.166666666666667,34.0250896057348,8.02881576275811,0.00151737340425813,0.0191461835166504,0.0143571699988942,"CD86/IL18",2
"GO:2000644","regulation of receptor catabolic process","2/93","12/18986",0.166666666666667,34.0250896057348,8.02881576275811,0.00151737340425813,0.0191461835166504,0.0143571699988942,"LAPTM5/APOE",2
"GO:2000833","positive regulation of steroid hormone secretion","2/93","12/18986",0.166666666666667,34.0250896057348,8.02881576275811,0.00151737340425813,0.0191461835166504,0.0143571699988942,"SPP1/DAB2",2
"GO:1903035","negative regulation of response to wounding","4/93","101/18986",0.0396039603960396,8.08516980730331,5.00897389494653,0.0015329147668766,0.0192342266279601,0.0144231909850195,"SPP1/APOE/PLAUR/CD109",4
"GO:0030099","myeloid cell differentiation","8/93","451/18986",0.0177383592017738,3.62129556779439,3.95279491021742,0.00166521183483221,0.0207282777774585,0.0155435367877085,"TLR2/LYN/MITF/HLA-DRB1/CD74/CD109/QKI/TFRC",8
"GO:0006911","phagocytosis, engulfment","3/93","48/18986",0.0625,12.7594086021505,5.72315300016257,0.00167770518657887,0.0207282777774585,0.0155435367877085,"MSR1/RAB31/ELMO1",3
"GO:0010975","regulation of neuron projection development","8/93","452/18986",0.0176991150442478,3.61328385193644,3.94518647558158,0.00168850513188489,0.0207282777774585,0.0155435367877085,"SPP1/PLXNC1/ZNF804A/APOE/RAPGEF1/LYN/DAB2/SIPA1L1",8
"GO:0002703","regulation of leukocyte mediated immunity","6/93","258/18986",0.0232558139534884,4.74768692173043,4.25229874779477,0.00168890241908945,0.0207282777774585,0.0155435367877085,"CLEC7A/HLA-DRA/LYN/HLA-DRB1/TFRC/IL18",6
"GO:0001934","positive regulation of protein phosphorylation","8/93","455/18986",0.0175824175824176,3.58946000236323,3.92248950426302,0.00175994054624451,0.0212425205846323,0.0159291526153684,"LCP2/LYN/HLA-DRB1/DAB2/PLAUR/CD74/TFRC/IL18",8
"GO:0032602","chemokine production","4/93","105/18986",0.0380952380952381,7.77716333845366,4.88569575660277,0.00176825548585856,0.0212425205846323,0.0159291526153684,"CLEC7A/TLR2/CD74/IL18",4
"GO:0032642","regulation of chemokine production","4/93","105/18986",0.0380952380952381,7.77716333845366,4.88569575660277,0.00176825548585856,0.0212425205846323,0.0159291526153684,"CLEC7A/TLR2/CD74/IL18",4
"GO:0042088","T-helper 1 type immune response","3/93","49/18986",0.0612244897959184,12.4990125082291,5.65456641701704,0.00178082355194798,0.0212425205846323,0.0159291526153684,"SLC11A1/HLA-DRB1/IL18",3
"GO:0043379","memory T cell differentiation","2/93","13/18986",0.153846153846154,31.4077750206782,7.69457485415958,0.00178754959505588,0.0212425205846323,0.0159291526153684,"HLA-DRA/HLA-DRB1",2
"GO:0043383","negative T cell selection","2/93","13/18986",0.153846153846154,31.4077750206782,7.69457485415958,0.00178754959505588,0.0212425205846323,0.0159291526153684,"DOCK2/CD74",2
"GO:1901222","regulation of non-canonical NF-kappaB signal transduction","4/93","106/18986",0.0377358490566038,7.70379387299655,4.85589069830815,0.00183079045552721,0.021622160997329,0.0162138339952788,"CD86/TLR2/LAPTM5/IL18",4
"GO:0006869","lipid transport","8/93","459/18986",0.0174291938997821,3.55817930517488,3.89252209174613,0.0018588933409393,0.021622160997329,0.0162138339952788,"ATP8B4/SLCO2B1/MSR1/SPP1/ACSL1/APOE/LYN/DAB2",8
"GO:0046942","carboxylic acid transport","7/93","357/18986",0.0196078431372549,4.00295171832174,4.01868530737081,0.00186002811243984,0.021622160997329,0.0162138339952788,"SLC11A1/SLC16A10/SLCO2B1/ACSL1/APOE/LYN/SLC1A3",7
"GO:0015718","monocarboxylic acid transport","5/93","179/18986",0.0279329608938547,5.70252898420136,4.43500942353183,0.00187469171254776,0.021622160997329,0.0162138339952788,"SLC16A10/SLCO2B1/ACSL1/APOE/LYN",5
"GO:0043368","positive T cell selection","3/93","50/18986",0.06,12.2490322580645,5.58794798177564,0.00188781899796042,0.021622160997329,0.0162138339952788,"DOCK2/CD74/CTSL",3
"GO:0061082","myeloid leukocyte cytokine production","3/93","50/18986",0.06,12.2490322580645,5.58794798177564,0.00188781899796042,0.021622160997329,0.0162138339952788,"LAPTM5/IRAK3/CD74",3
"GO:0015849","organic acid transport","7/93","358/18986",0.0195530726256983,3.99177028894095,4.00943296106082,0.00188967208200471,0.021622160997329,0.0162138339952788,"SLC11A1/SLC16A10/SLCO2B1/ACSL1/APOE/LYN/SLC1A3",7
"GO:0001906","cell killing","6/93","264/18986",0.0227272727272727,4.63978494623656,4.17828327192333,0.00189651189513527,0.021622160997329,0.0162138339952788,"CLEC7A/FCGR2A/HLA-DRA/HLA-DRB1/GRB2/IL18",6
"GO:0015711","organic anion transport","8/93","462/18986",0.0173160173160173,3.53507424475166,3.87026406319729,0.00193595912645002,0.0219604252424583,0.0164674885822436,"SLC11A1/SLC16A10/SLCO2B1/SLC2A3/ACSL1/APOE/LYN/SLC1A3",8
"GO:0032760","positive regulation of tumor necrosis factor production","4/93","108/18986",0.037037037037037,7.56113102349661,4.79743291129833,0.00196043347047148,0.022126299370246,0.0165918727995471,"CLEC7A/TLR2/FCGR2A/CYBB",4
"GO:0046596","regulation of viral entry into host cell","3/93","51/18986",0.0588235294117647,12.0088551549652,5.5232017046602,0.0019987428651727,0.0224458823758895,0.0168315188646122,"CIITA/HLA-DRB1/CD74",3
"GO:0090715","immunological memory formation process","2/93","14/18986",0.142857142857143,29.1643625192012,7.39611573317174,0.00207883663826798,0.0230003304903935,0.0172472834909451,"HLA-DRA/HLA-DRB1",2
"GO:1902950","regulation of dendritic spine maintenance","2/93","14/18986",0.142857142857143,29.1643625192012,7.39611573317174,0.00207883663826798,0.0230003304903935,0.0172472834909451,"ZNF804A/APOE",2
"GO:1905809","negative regulation of synapse organization","2/93","14/18986",0.142857142857143,29.1643625192012,7.39611573317174,0.00207883663826798,0.0230003304903935,0.0172472834909451,"TLR2/APOE",2
"GO:0042116","macrophage activation","4/93","112/18986",0.0357142857142857,7.29109062980031,4.68488883698122,0.00223854147841673,0.0246459027476665,0.0184812505958037,"SLC11A1/TLR2/DYSF/CD74",4
"GO:0032640","tumor necrosis factor production","5/93","188/18986",0.0265957446808511,5.42953557538321,4.28230512621531,0.00232118022572967,0.0251853661207191,0.0188857785973429,"CLEC7A/TLR2/FCGR2A/IRAK3/CYBB",5
"GO:0032680","regulation of tumor necrosis factor production","5/93","188/18986",0.0265957446808511,5.42953557538321,4.28230512621531,0.00232118022572967,0.0251853661207191,0.0188857785973429,"CLEC7A/TLR2/FCGR2A/IRAK3/CYBB",5
"GO:1905952","regulation of lipid localization","5/93","188/18986",0.0265957446808511,5.42953557538321,4.28230512621531,0.00232118022572967,0.0251853661207191,0.0188857785973429,"MSR1/SPP1/ACSL1/APOE/DAB2",5
"GO:0010543","regulation of platelet activation","3/93","54/18986",0.0555555555555556,11.3416965352449,5.33932964388408,0.00235558332369719,0.0252124121769776,0.0189060596537302,"EMILIN2/APOE/LYN",3
"GO:0043473","pigmentation","4/93","114/18986",0.0350877192982456,7.16317675910206,4.63067602790717,0.00238730722590146,0.0252124121769776,0.0189060596537302,"ZEB2/APOE/MITF/MYO5A",4
"GO:0014004","microglia differentiation","2/93","15/18986",0.133333333333333,27.2200716845878,7.1273929795439,0.00239102573183269,0.0252124121769776,0.0189060596537302,"TLR2/QKI",2
"GO:0045059","positive thymic T cell selection","2/93","15/18986",0.133333333333333,27.2200716845878,7.1273929795439,0.00239102573183269,0.0252124121769776,0.0189060596537302,"DOCK2/CD74",2
"GO:0046598","positive regulation of viral entry into host cell","2/93","15/18986",0.133333333333333,27.2200716845878,7.1273929795439,0.00239102573183269,0.0252124121769776,0.0189060596537302,"HLA-DRB1/CD74",2
"GO:0075294","positive regulation by symbiont of entry into host","2/93","15/18986",0.133333333333333,27.2200716845878,7.1273929795439,0.00239102573183269,0.0252124121769776,0.0189060596537302,"HLA-DRB1/CD74",2
"GO:0042327","positive regulation of phosphorylation","8/93","479/18986",0.0167014613778706,3.40961231957259,3.74751372321904,0.00242169400203765,0.025416470694283,0.0190590772418113,"LCP2/LYN/HLA-DRB1/DAB2/PLAUR/CD74/TFRC/IL18",8
"GO:0002399","MHC class II protein complex assembly","2/93","16/18986",0.125,25.5188172043011,6.88370347867839,0.00272390957445537,0.0280031757929917,0.0209987726806893,"HLA-DRA/HLA-DRB1",2
"GO:0002503","peptide antigen assembly with MHC class II protein complex","2/93","16/18986",0.125,25.5188172043011,6.88370347867839,0.00272390957445537,0.0280031757929917,0.0209987726806893,"HLA-DRA/HLA-DRB1",2
"GO:0016045","detection of bacterium","2/93","16/18986",0.125,25.5188172043011,6.88370347867839,0.00272390957445537,0.0280031757929917,0.0209987726806893,"TLR2/HLA-DRB1",2
"GO:0170043","non-proteinogenic amino acid biosynthetic process","2/93","16/18986",0.125,25.5188172043011,6.88370347867839,0.00272390957445537,0.0280031757929917,0.0209987726806893,"DPYD/SLC1A3",2
"GO:0042113","B cell activation","6/93","284/18986",0.0211267605633803,4.31303952748751,3.94673597050569,0.00273049666013588,0.0280031757929917,0.0209987726806893,"CD86/LAPTM5/SAMSN1/LYN/CD74/TFRC",6
"GO:0099024","plasma membrane invagination","3/93","57/18986",0.0526315789473684,10.7447651386531,5.16941360498259,0.00274953212539767,0.0280702234256507,0.0210490497638099,"MSR1/RAB31/ELMO1",3
"GO:0015908","fatty acid transport","4/93","120/18986",0.0333333333333333,6.80501792114695,4.47559299588955,0.0028742358590047,0.028841724508562,0.0216275761417722,"SLCO2B1/ACSL1/APOE/LYN",4
"GO:0002449","lymphocyte mediated immunity","7/93","386/18986",0.0181347150259067,3.70221182238565,3.76316172319416,0.00287980396111361,0.028841724508562,0.0216275761417722,"FCGR2A/HLA-DRA/HLA-DRB1/CD74/GRB2/TFRC/IL18",7
"GO:0031663","lipopolysaccharide-mediated signaling pathway","3/93","58/18986",0.0517241379310345,10.559510567297,5.11556495479851,0.00288930900018987,0.028841724508562,0.0216275761417722,"TLR2/IRAK3/LYN",3
"GO:0052372","modulation by symbiont of entry into host","3/93","58/18986",0.0517241379310345,10.559510567297,5.11556495479851,0.00288930900018987,0.028841724508562,0.0216275761417722,"CIITA/HLA-DRB1/CD74",3
"GO:1902930","regulation of alcohol biosynthetic process","3/93","58/18986",0.0517241379310345,10.559510567297,5.11556495479851,0.00288930900018987,0.028841724508562,0.0216275761417722,"APOE/DAB2/QKI",3
"GO:0071887","leukocyte apoptotic process","4/93","122/18986",0.0327868852459016,6.69346025030848,4.42624681336491,0.00305057866211848,0.0301815553360975,0.022632276579536,"MERTK/LYN/CD74/CTSL",4
"GO:0034134","toll-like receptor 2 signaling pathway","2/93","17/18986",0.117647058823529,24.0177103099304,6.66132579882778,0.00307728235617379,0.0301815553360975,0.022632276579536,"TLR2/LYN",2
"GO:0036005","response to macrophage colony-stimulating factor","2/93","17/18986",0.117647058823529,24.0177103099304,6.66132579882778,0.00307728235617379,0.0301815553360975,0.022632276579536,"TLR2/SPP1",2
"GO:2000369","regulation of clathrin-dependent endocytosis","2/93","17/18986",0.117647058823529,24.0177103099304,6.66132579882778,0.00307728235617379,0.0301815553360975,0.022632276579536,"DAB2/BMP2K",2
"GO:0070542","response to fatty acid","3/93","60/18986",0.05,10.2075268817204,5.01170518426145,0.00318181639986094,0.0310711288438594,0.0232993420584783,"TLR2/TBXAS1/ACSL1",3
"GO:0098739","import across plasma membrane","5/93","206/18986",0.0242718446601942,4.95511013675749,4.00443003963474,0.00343945358352969,0.0331231225478865,0.0248380728671409,"SLC2A3/SLC8A1/ACSL1/SLC9A9/SLC1A3",5
"GO:0002827","positive regulation of T-helper 1 type immune response","2/93","18/18986",0.111111111111111,22.6833930704898,6.45727135835662,0.00345093974897839,0.0331231225478865,0.0248380728671409,"SLC11A1/IL18",2
"GO:0034112","positive regulation of homotypic cell-cell adhesion","2/93","18/18986",0.111111111111111,22.6833930704898,6.45727135835662,0.00345093974897839,0.0331231225478865,0.0248380728671409,"EMILIN2/PLAUR",2
"GO:0045064","T-helper 2 cell differentiation","2/93","18/18986",0.111111111111111,22.6833930704898,6.45727135835662,0.00345093974897839,0.0331231225478865,0.0248380728671409,"CD86/IL18",2
"GO:0051091","positive regulation of DNA-binding transcription factor activity","5/93","208/18986",0.0240384615384615,4.90746484698098,3.97556073391465,0.003583981903176,0.0342537164022693,0.0256858725423588,"CLEC7A/TLR2/IRAK3/TFRC/IL18",5
"GO:0033059","cellular pigmentation","3/93","63/18986",0.0476190476190476,9.72145417306708,4.86474965457567,0.00365358726368237,0.034624291114897,0.0259637558156419,"ZEB2/APOE/MYO5A",3
"GO:0045058","T cell selection","3/93","63/18986",0.0476190476190476,9.72145417306708,4.86474965457567,0.00365358726368237,0.034624291114897,0.0259637558156419,"DOCK2/CD74/CTSL",3
"GO:0010324","membrane invagination","3/93","64/18986",0.046875,9.5695564516129,4.81793708725761,0.00381980732163124,0.0355355917850035,0.0266471138660569,"MSR1/RAB31/ELMO1",3
"GO:0010744","positive regulation of macrophage derived foam cell differentiation","2/93","19/18986",0.105263157894737,21.4895302773062,6.26910860306161,0.00384467889748702,0.0355355917850035,0.0266471138660569,"MSR1/IL18",2
"GO:0031643","positive regulation of myelination","2/93","19/18986",0.105263157894737,21.4895302773062,6.26910860306161,0.00384467889748702,0.0355355917850035,0.0266471138660569,"ITGAX/QKI",2
"GO:0045780","positive regulation of bone resorption","2/93","19/18986",0.105263157894737,21.4895302773062,6.26910860306161,0.00384467889748702,0.0355355917850035,0.0266471138660569,"SPP1/TFRC",2
"GO:0090205","positive regulation of cholesterol metabolic process","2/93","19/18986",0.105263157894737,21.4895302773062,6.26910860306161,0.00384467889748702,0.0355355917850035,0.0266471138660569,"APOE/QKI",2
"GO:1904044","response to aldosterone","2/93","19/18986",0.105263157894737,21.4895302773062,6.26910860306161,0.00384467889748702,0.0355355917850035,0.0266471138660569,"SGK1/CYBB",2
"GO:0050851","antigen receptor-mediated signaling pathway","5/93","212/18986",0.0235849056603774,4.81487117062284,3.91891381641932,0.00388606522730696,0.0357709118874239,0.026823573613853,"LAPTM5/LCP2/LYN/HLA-DRB1/GRB2",5
"GO:0032757","positive regulation of interleukin-8 production","3/93","65/18986",0.0461538461538462,9.42233250620347,4.77214170449494,0.00399057320977883,0.036434257842127,0.0273209975851353,"CLEC7A/TLR2/CD74",3
"GO:0170041","non-proteinogenic amino acid metabolic process","3/93","65/18986",0.0461538461538462,9.42233250620347,4.77214170449494,0.00399057320977883,0.036434257842127,0.0273209975851353,"KYNU/DPYD/SLC1A3",3
"GO:0045834","positive regulation of lipid metabolic process","4/93","132/18986",0.0303030303030303,6.18637992831541,4.19513416696689,0.00404401347985452,0.0367726893755193,0.0275747776167366,"APOE/DAB2/CD74/QKI",4
"GO:0002577","regulation of antigen processing and presentation","2/93","20/18986",0.1,20.4150537634409,6.09483615241959,0.00425829840967408,0.0378715359391919,0.0283987709156428,"SLC11A1/CD74",2
"GO:0002902","regulation of B cell apoptotic process","2/93","20/18986",0.1,20.4150537634409,6.09483615241959,0.00425829840967408,0.0378715359391919,0.0283987709156428,"LYN/CD74",2
"GO:0045342","MHC class II biosynthetic process","2/93","20/18986",0.1,20.4150537634409,6.09483615241959,0.00425829840967408,0.0378715359391919,0.0283987709156428,"SLC11A1/CIITA",2
"GO:0045655","regulation of monocyte differentiation","2/93","20/18986",0.1,20.4150537634409,6.09483615241959,0.00425829840967408,0.0378715359391919,0.0283987709156428,"HLA-DRB1/CD74",2
"GO:0038061","non-canonical NF-kappaB signal transduction","4/93","134/18986",0.0298507462686567,6.09404589953458,4.15176582960607,0.00426602786848422,0.0378715359391919,0.0283987709156428,"CD86/TLR2/LAPTM5/IL18",4
"GO:0050868","negative regulation of T cell activation","4/93","134/18986",0.0298507462686567,6.09404589953458,4.15176582960607,0.00426602786848422,0.0378715359391919,0.0283987709156428,"CD86/LAPTM5/HLA-DRB1/CD74",4
"GO:0030888","regulation of B cell proliferation","3/93","67/18986",0.0447761194029851,9.14106884930188,4.68345177902808,0.00434589063227574,0.0384286234649264,0.0288165147602204,"LYN/CD74/TFRC",3
"GO:0045637","regulation of myeloid cell differentiation","5/93","219/18986",0.0228310502283105,4.66097117886778,3.82311404199366,0.00445799635732816,0.0392653326218002,0.0294439387893707,"LYN/MITF/HLA-DRB1/CD74/QKI",5
"GO:0002708","positive regulation of lymphocyte mediated immunity","4/93","136/18986",0.0294117647058824,6.00442757748261,4.10926830383789,0.00449613904700315,0.0392931062240041,0.029464765411448,"HLA-DRA/HLA-DRB1/TFRC/IL18",4
"GO:0021782","glial cell development","4/93","136/18986",0.0294117647058824,6.00442757748261,4.10926830383789,0.00449613904700315,0.0392931062240041,0.029464765411448,"TLR2/ZEB2/LYN/GRB2",4
"GO:0060760","positive regulation of response to cytokine stimulus","3/93","68/18986",0.0441176470588235,9.00664136622391,4.64048672390936,0.00453051409827482,0.0394400568400203,0.0295749594338626,"TLR2/LAPTM5/CD74",3
"GO:0010950","positive regulation of endopeptidase activity","4/93","137/18986",0.0291970802919708,5.96059963896083,4.08833633249702,0.00461427302268836,0.0400027624981479,0.029996916153647,"CLEC7A/LAPTM5/ST18/LYN",4
"GO:0002396","MHC protein complex assembly","2/93","21/18986",0.0952380952380952,19.4429083461342,5.93278956918226,0.00469159834765343,0.0400027624981479,0.029996916153647,"HLA-DRA/HLA-DRB1",2
"GO:0002501","peptide antigen assembly with MHC protein complex","2/93","21/18986",0.0952380952380952,19.4429083461342,5.93278956918226,0.00469159834765343,0.0400027624981479,0.029996916153647,"HLA-DRA/HLA-DRB1",2
"GO:0090713","immunological memory process","2/93","21/18986",0.0952380952380952,19.4429083461342,5.93278956918226,0.00469159834765343,0.0400027624981479,0.029996916153647,"HLA-DRA/HLA-DRB1",2
"GO:0030193","regulation of blood coagulation","3/93","69/18986",0.0434782608695652,8.87611033193081,4.59839757544802,0.0047198272760504,0.0400027624981479,0.029996916153647,"EMILIN2/APOE/PLAUR",3
"GO:0030225","macrophage differentiation","3/93","69/18986",0.0434782608695652,8.87611033193081,4.59839757544802,0.0047198272760504,0.0400027624981479,0.029996916153647,"TLR2/HLA-DRB1/QKI",3
"GO:0043903","regulation of biological process involved in symbiotic interaction","3/93","69/18986",0.0434782608695652,8.87611033193081,4.59839757544802,0.0047198272760504,0.0400027624981479,0.029996916153647,"CIITA/HLA-DRB1/CD74",3
"GO:0043123","positive regulation of canonical NF-kappaB signal transduction","5/93","223/18986",0.0224215246636771,4.57736631467284,3.77017073692767,0.00481052795069886,0.0406182172077806,0.0304584278635464,"CLEC7A/IRAK3/HLA-DRB1/CD74/TFRC",5
"GO:0043547","positive regulation of GTPase activity","4/93","140/18986",0.0285714285714286,5.83287250384025,4.02676305468589,0.00498118810782369,0.041901679738472,0.0314208593436543,"ABR/ARHGAP6/RAPGEF1/SIPA1L1",4
"GO:1900046","regulation of hemostasis","3/93","71/18986",0.0422535211267606,8.62607905497501,4.51672466596261,0.00511265738372383,0.042793622114019,0.032089701168126,"EMILIN2/APOE/PLAUR",3
"GO:0006883","intracellular sodium ion homeostasis","2/93","22/18986",0.0909090909090909,18.5591397849462,5.78157170128598,0.0051443802185152,0.042793622114019,0.032089701168126,"SLC8A1/SLC1A3",2
"GO:0050765","negative regulation of phagocytosis","2/93","22/18986",0.0909090909090909,18.5591397849462,5.78157170128598,0.0051443802185152,0.042793622114019,0.032089701168126,"TLR2/DYSF",2
"GO:0045862","positive regulation of proteolysis","6/93","325/18986",0.0184615384615385,3.76893300248139,3.5325066200028,0.0052659837032812,0.0436435402124338,0.0327270302010096,"CLEC7A/LAPTM5/ST18/APOE/LYN/DAB2",6
"GO:0007249","canonical NF-kappaB signal transduction","6/93","327/18986",0.018348623853211,3.74588142448456,3.51404878025717,0.00542281330919188,0.0447780834281064,0.033577791388185,"CLEC7A/TLR2/IRAK3/HLA-DRB1/CD74/TFRC",6
"GO:0043281","regulation of cysteine-type endopeptidase activity involved in apoptotic process","4/93","144/18986",0.0277777777777778,5.67084826762246,3.9473880180559,0.00550021690451283,0.0452508687455525,0.0339323194417603,"CLEC7A/LAPTM5/ST18/PLAUR",4
"GO:0002223","stimulatory C-type lectin receptor signaling pathway","2/93","23/18986",0.0869565217391304,17.7522206638616,5.63999986005928,0.0056164469652158,0.0453627831531488,0.0340162408234701,"CLEC7A/LYN",2
"GO:0097062","dendritic spine maintenance","2/93","23/18986",0.0869565217391304,17.7522206638616,5.63999986005928,0.0056164469652158,0.0453627831531488,0.0340162408234701,"ZNF804A/APOE",2
"GO:1990840","response to lectin","2/93","23/18986",0.0869565217391304,17.7522206638616,5.63999986005928,0.0056164469652158,0.0453627831531488,0.0340162408234701,"CLEC7A/LYN",2
"GO:1990858","cellular response to lectin","2/93","23/18986",0.0869565217391304,17.7522206638616,5.63999986005928,0.0056164469652158,0.0453627831531488,0.0340162408234701,"CLEC7A/LYN",2
"GO:2000831","regulation of steroid hormone secretion","2/93","23/18986",0.0869565217391304,17.7522206638616,5.63999986005928,0.0056164469652158,0.0453627831531488,0.0340162408234701,"SPP1/DAB2",2
"GO:0050671","positive regulation of lymphocyte proliferation","4/93","145/18986",0.0275862068965517,5.63173896922506,3.92800846422262,0.00563540464647627,0.0453627831531488,0.0340162408234701,"CD86/CD74/TFRC/IL18",4
"GO:0032102","negative regulation of response to external stimulus","7/93","437/18986",0.0160183066361556,3.27014591176398,3.36845346997264,0.0056552000369019,0.0453627831531488,0.0340162408234701,"SPP1/IRAK3/APOE/LYN/HLA-DRB1/PLAUR/CD109",7
"GO:0014015","positive regulation of gliogenesis","3/93","74/18986",0.0405405405405405,8.27637314734089,4.40005804285085,0.005737895245248,0.0457700231390668,0.0343216183261503,"TLR2/LYN/QKI",3
"GO:0046394","carboxylic acid biosynthetic process","6/93","331/18986",0.0181268882175227,3.70061397524608,3.47756449889256,0.00574672596848478,0.0457700231390668,0.0343216183261503,"KYNU/TBXAS1/DPYD/SLC1A3/CD74/QKI",6
"GO:0010952","positive regulation of peptidase activity","4/93","147/18986",0.0272108843537415,5.55511667032404,3.88978468518422,0.00591240781263898,0.0469232082939475,0.0351863585650823,"CLEC7A/LAPTM5/ST18/LYN",4
"GO:0002711","positive regulation of T cell mediated immunity","3/93","75/18986",0.04,8.16602150537634,4.362624201517,0.00595602917129937,0.0471029630941493,0.0353211514976983,"HLA-DRA/HLA-DRB1/IL18",3
"GO:0016053","organic acid biosynthetic process","6/93","334/18986",0.0179640718562874,3.66737492756423,3.45057051825126,0.00599880070268041,0.0472747592218252,0.0354499764516663,"KYNU/TBXAS1/DPYD/SLC1A3/CD74/QKI",6
"GO:0032946","positive regulation of mononuclear cell proliferation","4/93","148/18986",0.027027027027027,5.51758209822726,3.87093454644712,0.00605425451342713,0.0473023318710081,0.0354706523848774,"CD86/CD74/TFRC/IL18",4
"GO:0001933","negative regulation of protein phosphorylation","5/93","236/18986",0.0211864406779661,4.32522325496628,3.60638831538256,0.00609320461645206,0.0473023318710081,0.0354706523848774,"SAMSN1/SLC8A1/IRAK3/APOE/LYN",5
"GO:0032288","myelin assembly","2/93","24/18986",0.0833333333333333,17.0125448028674,5.50706522661494,0.00610760295752108,0.0473023318710081,0.0354706523848774,"EPB41L3/TLR2",2
"GO:0045061","thymic T cell selection","2/93","24/18986",0.0833333333333333,17.0125448028674,5.50706522661494,0.00610760295752108,0.0473023318710081,0.0354706523848774,"DOCK2/CD74",2
"GO:0045591","positive regulation of regulatory T cell differentiation","2/93","24/18986",0.0833333333333333,17.0125448028674,5.50706522661494,0.00610760295752108,0.0473023318710081,0.0354706523848774,"HLA-DRA/HLA-DRB1",2
"GO:0050818","regulation of coagulation","3/93","76/18986",0.0394736842105263,8.05857385398981,4.32587840249712,0.00617907279863374,0.0476914003633381,0.0357624036093832,"EMILIN2/APOE/PLAUR",3
"GO:0032729","positive regulation of type II interferon production","3/93","77/18986",0.038961038961039,7.95391705069124,4.28979857205444,0.00640705439070492,0.0492577079848131,0.0369369324533444,"CLEC7A/SLC11A1/IL18",3
"GO:0002483","antigen processing and presentation of endogenous peptide antigen","2/93","25/18986",0.08,16.3320430107527,5.3819012750723,0.00661765398300234,0.0492577079848131,0.0369369324533444,"HLA-DRA/HLA-DRB1",2
"GO:0006706","steroid catabolic process","2/93","25/18986",0.08,16.3320430107527,5.3819012750723,0.00661765398300234,0.0492577079848131,0.0369369324533444,"SPP1/APOE",2
"GO:0014829","vascular associated smooth muscle contraction","2/93","25/18986",0.08,16.3320430107527,5.3819012750723,0.00661765398300234,0.0492577079848131,0.0369369324533444,"SLC8A1/DOCK4",2
"GO:0030318","melanocyte differentiation","2/93","25/18986",0.08,16.3320430107527,5.3819012750723,0.00661765398300234,0.0492577079848131,0.0369369324533444,"ZEB2/MITF",2
"GO:0042953","lipoprotein transport","2/93","25/18986",0.08,16.3320430107527,5.3819012750723,0.00661765398300234,0.0492577079848131,0.0369369324533444,"MSR1/APOE",2
"GO:0046597","negative regulation of viral entry into host cell","2/93","25/18986",0.08,16.3320430107527,5.3819012750723,0.00661765398300234,0.0492577079848131,0.0369369324533444,"CIITA/CD74",2
"GO:0060907","positive regulation of macrophage cytokine production","2/93","25/18986",0.08,16.3320430107527,5.3819012750723,0.00661765398300234,0.0492577079848131,0.0369369324533444,"LAPTM5/CD74",2
"GO:1903902","positive regulation of viral life cycle","2/93","25/18986",0.08,16.3320430107527,5.3819012750723,0.00661765398300234,0.0492577079848131,0.0369369324533444,"HLA-DRB1/CD74",2
"GO:0031343","positive regulation of cell killing","3/93","78/18986",0.0384615384615385,7.85194375516956,4.25436362356867,0.00664000144572382,0.0492577079848131,0.0369369324533444,"CLEC7A/HLA-DRA/HLA-DRB1",3
"GO:0061045","negative regulation of wound healing","3/93","78/18986",0.0384615384615385,7.85194375516956,4.25436362356867,0.00664000144572382,0.0492577079848131,0.0369369324533444,"APOE/PLAUR/CD109",3
"GO:0042445","hormone metabolic process","5/93","241/18986",0.020746887966805,4.23548833266408,3.54651621408155,0.0066451850041845,0.0492577079848131,0.0369369324533444,"SLC16A10/SPP1/PAPSS2/DAB2/CTSL",5
"GO:0042742","defense response to bacterium","6/93","342/18986",0.0175438596491228,3.58158837955103,3.38007873007375,0.0067104769541255,0.0495780632860719,0.0371771576405845,"SLC11A1/TLR2/STAB1/EMILIN2/SLC9A9/IL18",6
"GO:0016032","viral process","7/93","452/18986",0.0154867256637168,3.16162337044438,3.26332988284415,0.00676406282383172,0.0497306425626393,0.0372915724329675,"CD86/APOE/CIITA/HLA-DRB1/CD74/TFRC/CTSL",7
"GO:0062013","positive regulation of small molecule metabolic process","4/93","153/18986",0.0261437908496732,5.33726895776232,3.77918914835719,0.00679755443754687,0.0497306425626393,0.0372915724329675,"APOE/DAB2/CD74/QKI",4
"GO:1903038","negative regulation of leukocyte cell-cell adhesion","4/93","153/18986",0.0261437908496732,5.33726895776232,3.77918914835719,0.00679755443754687,0.0497306425626393,0.0372915724329675,"CD86/LAPTM5/HLA-DRB1/CD74",4
